-- MySQL dump 10.13  Distrib 5.6.39, for Linux (x86_64)
--
-- Host: localhost    Database: nestoiopetnesto
-- ------------------------------------------------------
-- Server version	5.6.39-cll-lve

/*!40101 SET @OLD_CHARACTER_SET_CLIENT=@@CHARACTER_SET_CLIENT */;
/*!40101 SET @OLD_CHARACTER_SET_RESULTS=@@CHARACTER_SET_RESULTS */;
/*!40101 SET @OLD_COLLATION_CONNECTION=@@COLLATION_CONNECTION */;
/*!40101 SET NAMES utf8 */;
/*!40103 SET @OLD_TIME_ZONE=@@TIME_ZONE */;
/*!40103 SET TIME_ZONE='+00:00' */;
/*!40014 SET @OLD_UNIQUE_CHECKS=@@UNIQUE_CHECKS, UNIQUE_CHECKS=0 */;
/*!40014 SET @OLD_FOREIGN_KEY_CHECKS=@@FOREIGN_KEY_CHECKS, FOREIGN_KEY_CHECKS=0 */;
/*!40101 SET @OLD_SQL_MODE=@@SQL_MODE, SQL_MODE='NO_AUTO_VALUE_ON_ZERO' */;
/*!40111 SET @OLD_SQL_NOTES=@@SQL_NOTES, SQL_NOTES=0 */;

--
-- Table structure for table `grad`
--

DROP TABLE IF EXISTS `grad`;
/*!40101 SET @saved_cs_client     = @@character_set_client */;
/*!40101 SET character_set_client = utf8 */;
CREATE TABLE `grad` (
  `Id` int(11) NOT NULL,
  `Naziv` varchar(45) DEFAULT NULL,
  PRIMARY KEY (`Id`)
) ENGINE=InnoDB DEFAULT CHARSET=utf8;
/*!40101 SET character_set_client = @saved_cs_client */;

--
-- Dumping data for table `grad`
--

LOCK TABLES `grad` WRITE;
/*!40000 ALTER TABLE `grad` DISABLE KEYS */;
INSERT INTO `grad` (`Id`, `Naziv`) VALUES (1,'Zagreb'),(2,'Split'),(3,'Osijek'),(4,'Rijeka'),(5,'Karlovac'),(6,'Vukovar');
/*!40000 ALTER TABLE `grad` ENABLE KEYS */;
UNLOCK TABLES;

--
-- Table structure for table `imovinskakartica`
--

DROP TABLE IF EXISTS `imovinskakartica`;
/*!40101 SET @saved_cs_client     = @@character_set_client */;
/*!40101 SET character_set_client = utf8 */;
CREATE TABLE `imovinskakartica` (
  `Id` int(11) NOT NULL AUTO_INCREMENT,
  `Placa` varchar(20) NOT NULL,
  `Ustedevina` varchar(20) NOT NULL,
  `osoba_FK` int(11) NOT NULL,
  PRIMARY KEY (`Id`),
  KEY `FK_ImovinskaKartica_Osoba` (`osoba_FK`),
  CONSTRAINT `FK_ImovinskaKartica_Osoba` FOREIGN KEY (`osoba_FK`) REFERENCES `osoba` (`Id`) ON DELETE NO ACTION ON UPDATE NO ACTION
) ENGINE=InnoDB AUTO_INCREMENT=6 DEFAULT CHARSET=utf8;
/*!40101 SET character_set_client = @saved_cs_client */;

--
-- Dumping data for table `imovinskakartica`
--

LOCK TABLES `imovinskakartica` WRITE;
/*!40000 ALTER TABLE `imovinskakartica` DISABLE KEYS */;
INSERT INTO `imovinskakartica` (`Id`, `Placa`, `Ustedevina`, `osoba_FK`) VALUES (1,'15000','100K',7),(2,'15000','100K',8),(3,'18000','200K',9),(4,'18000','200K',21),(5,'16000','200K',16);
/*!40000 ALTER TABLE `imovinskakartica` ENABLE KEYS */;
UNLOCK TABLES;

--
-- Table structure for table `nekretnina`
--

DROP TABLE IF EXISTS `nekretnina`;
/*!40101 SET @saved_cs_client     = @@character_set_client */;
/*!40101 SET character_set_client = utf8 */;
CREATE TABLE `nekretnina` (
  `Id` int(11) NOT NULL AUTO_INCREMENT,
  `Iznos` varchar(20) NOT NULL,
  `KvadrMetar` varchar(20) NOT NULL,
  `osoba_FK` int(11) NOT NULL,
  `Grad_FK` int(11) DEFAULT NULL,
  PRIMARY KEY (`Id`),
  KEY `FK_Nekretnina_Osoba` (`osoba_FK`),
  KEY `FK_Nekretnina_Grad_idx` (`Grad_FK`),
  CONSTRAINT `FK_Nekretnina_Grad` FOREIGN KEY (`Grad_FK`) REFERENCES `grad` (`Id`) ON DELETE NO ACTION ON UPDATE NO ACTION,
  CONSTRAINT `FK_Nekretnina_Osoba` FOREIGN KEY (`osoba_FK`) REFERENCES `osoba` (`Id`) ON DELETE NO ACTION ON UPDATE NO ACTION
) ENGINE=InnoDB AUTO_INCREMENT=9 DEFAULT CHARSET=utf8;
/*!40101 SET character_set_client = @saved_cs_client */;

--
-- Dumping data for table `nekretnina`
--

LOCK TABLES `nekretnina` WRITE;
/*!40000 ALTER TABLE `nekretnina` DISABLE KEYS */;
INSERT INTO `nekretnina` (`Id`, `Iznos`, `KvadrMetar`, `osoba_FK`, `Grad_FK`) VALUES (1,'100K','2000',7,1),(2,'200K','3000',8,1),(3,'250K','6000',17,2),(5,'400K','1700',23,2),(6,'420K','345',29,5),(7,'230K','2000',7,1),(8,'150K','3000',16,1);
/*!40000 ALTER TABLE `nekretnina` ENABLE KEYS */;
UNLOCK TABLES;

--
-- Table structure for table `novac`
--

DROP TABLE IF EXISTS `novac`;
/*!40101 SET @saved_cs_client     = @@character_set_client */;
/*!40101 SET character_set_client = utf8 */;
CREATE TABLE `novac` (
  `Id` int(11) NOT NULL AUTO_INCREMENT,
  `Iznos` decimal(20,2) DEFAULT NULL,
  `Svrha` longtext,
  `SvrhaEng` longtext NOT NULL,
  `Datum` date DEFAULT NULL,
  `osoba_FK` int(11) NOT NULL,
  PRIMARY KEY (`Id`),
  KEY `FK_Novac_Osoba` (`osoba_FK`),
  CONSTRAINT `FK_Novac_Osoba` FOREIGN KEY (`osoba_FK`) REFERENCES `osoba` (`Id`) ON DELETE NO ACTION ON UPDATE NO ACTION
) ENGINE=InnoDB DEFAULT CHARSET=utf8;
/*!40101 SET character_set_client = @saved_cs_client */;

--
-- Dumping data for table `novac`
--

LOCK TABLES `novac` WRITE;
/*!40000 ALTER TABLE `novac` DISABLE KEYS */;
/*!40000 ALTER TABLE `novac` ENABLE KEYS */;
UNLOCK TABLES;

--
-- Table structure for table `osoba`
--

DROP TABLE IF EXISTS `osoba`;
/*!40101 SET @saved_cs_client     = @@character_set_client */;
/*!40101 SET character_set_client = utf8 */;
CREATE TABLE `osoba` (
  `Id` int(11) NOT NULL AUTO_INCREMENT,
  `Ime` varchar(50) NOT NULL,
  `Prezime` varchar(50) NOT NULL,
  `datRod` date DEFAULT NULL,
  `Biografija` longtext,
  `Slika` varchar(100) DEFAULT NULL,
  `stranka_FK` int(11) NOT NULL,
  `Filtar` varchar(45) DEFAULT NULL,
  PRIMARY KEY (`Id`),
  KEY `FK_Osoba_Stranka` (`stranka_FK`),
  CONSTRAINT `FK_Osoba_Stranka` FOREIGN KEY (`stranka_FK`) REFERENCES `stranka` (`Id`) ON DELETE NO ACTION ON UPDATE NO ACTION
) ENGINE=InnoDB AUTO_INCREMENT=80 DEFAULT CHARSET=utf8;
/*!40101 SET character_set_client = @saved_cs_client */;

--
-- Dumping data for table `osoba`
--

LOCK TABLES `osoba` WRITE;
/*!40000 ALTER TABLE `osoba` DISABLE KEYS */;
INSERT INTO `osoba` (`Id`, `Ime`, `Prezime`, `datRod`, `Biografija`, `Slika`, `stranka_FK`, `Filtar`) VALUES (7,'Andro ','Vlahušić','1960-05-17','Andro Vlahušić je liječnik specijalist interne medicine, endokrinolog i političar. Političku karijeru je započeo 1997. godine kao vijećnik u Dubrovačko-neretvanskoj županiji. Od 2000. do 2001. godine je bio zastupnik u Hrvatskom saboru, a kao član koalicijske stranke HNS od 2001. do 2003. godine bio je ministar zdravstva Republike Hrvatske. Nakon isteka mandata se vratio u Dubrovnik gdje je od 2006. do 2009. godine bio ravnatelj dubrovačke opće bolnice Dubrovnik. Na prvim neposrednim izborima za gradonačelnika Dubrovnika kandidirao se 2009., a nakon što je prošao prvi, osvojivši 42,91% glasova, u drugom je krugu pobijedio dotadašnju gradonačelnicu Dubravku Šuicu (39,11% glasova u prvom krugu) te postao prvi neposredno izabrani gradonačelnik Dubrovnika. Isti rezultat ostvario je i na slijedećim lokalnim izborima, 2013. godine, gdje je u prvom krugu osvojio 31,76% glasova, a u drugom krugu pobijedio HDZ-ovog kandidata Tea Andrića, koji je dobio 25,92% glasova u prvom krugu. 2013. godine biva biran za predsjednika dubrovačke podružnice HNS-a, a povlači se s mjesta predsjednika Županijske ogranizacije HNS-a Dubrovačko-neretvanske. Iste godine biva imenovan članom Predsjedništva Hrvatske narodne stranke - liberalnih demokata. Kao gradonačelnik Dubrovnika, povukao je mnoge kontroverzne poteze. Najviše se pisalo o aferi Šipan, za koju je 16.12.2014. i pravomoćno osuđen na 6 mjeseci uvjetno, uz rok kušnje od 3 godine, te o Dubrovačkom dogovoru, interesnom savezu stranaka nazivno suprotnih političkih orijentacija (HDZ, HNS, SDP) čiji je jedini cilj bio progurati apartmanski projekt UPU Srđ. No, ubrzo nakon ispunjanja cilja, nepomirljive razlike unutar te koalicije isplivavaju na površinu, te 5.12.2014. gradsko vijeće odbija prihvatiti predloženi proračun i time smjenjuje Vlahušića sa mjesta gradonačelnika. U drugom krugu izvanrednih izbora 22.03.2015, tijesnom pobjedom od 472 glasa ispred kandidata HDZa Mata Frankovića, Andro Vlahušić je ponovo postao gradonačelnik Dubrovnika. Hoće li mandat odraditi do kraja, ovisit će o u međuvremenu novopokrenutoj istrazi USKOK-a. ',NULL,14,NULL),(8,'Anka','Mrak-Taritaš','1959-11-24','Anka Mrak - Taritaš rođena je 24. studenog 1959. u Bjelovaru gdje je završila osnovnu školu i opću gimnaziju. 1983.godine završavaArhitektonski fakultet u Zagrebu na kojem je i 2008. godine doktorirala na temu Analiza kvantifikacijskih pokazatelja planiranja turističkih zona unutar zaštićenog obalnog pojasa mora. Udana je i ima dvoje djece. U slobodno vrijeme bavi se skijanjem, jedrenjem i kuhanjem.',NULL,14,'cro'),(9,'Arsen','Bauk','1973-02-07','Rođen je 7. veljače 1973. u Supetru. Osnovnu školu završio je u Pučišćima na Braču, a srednju Matematičko informatički obrazovni centar (MIOC) u Splitu. Diplomirao je 1997. na Prirodoslovno matematičkom fakultetu u Zagrebu, profesor je matematike i informatike. Članom SDP-a postao je s osamnaest godina,  1991. Devedesetih je bio košarkaški sudac. Od 1992. do 1999. bio je član Udruge hrvatskih košarkaških sudaca. Od 1998. do 2000. bio je voditelj natjecanja, statističar u HAKL-u. S dolaskom SDP-a na vlast 2000. počinje uzlet u njegovoj političkoj karijeri. Značajnu ulogu u tome odigrao je njegov otac Miro Bauk koji je bio dobar prijatelj s Ivicom Račanom. U njegovoj vladi Bauk 2000. postaje najprije pomoćnik ministra za informacijsku i komunikacijsku tehnologiju Ministarstva obrane a tri godine kasnije u istom ministarstvu je pomoćnik za materijalne resurse. Članom Glavnog odbora SDP-a postao je 2004., a Izvršnog 2004. Obje dužnosti bile su s mandatom od četiri godine. 2007. je  izabran za saborskog zastupnika. U Saboru je bio potpredsjednik Mandatno-imunitetnog povjerenstva i član Odbora za obranu. 2010. postao je predsjednik SDP-a Splitsko-dalmatinske županije. Nakon pobjede Kukuriku koalicije na izborima 2011. Izabran je za ministra uprave. Uoči izbora za Europski parlament smanjio je popis birača, koji je bio sporan jer je bio veći od aktualnog broja stanovnika u Hrvatskoj.   Izbrisao je one koji nisu imali važeću osobnu iskaznicu. Živi u izvanbračnoj zajednici s kćerkom Tihomira Rubeše, odvjetnika koji brani Ratka Mačeka, nekadašnjeg glasnogovornika bivšeg premijera Ive Sanadera. I ona je štedljiva. Bauk je prijavio da se na njenom štednom računu nalazi 150 tisuća kuna. Osim svoje ušteđevine, prijavio je  dionice HT-a u vrijednosti od 14.400 kuna te automobil Peugeot 307 iz 2004. Nema nekretnina u vlasništvu. „Uvijek sam živio kao prosječan građanin i tako sam se osjećao i osjećam se danas“, rekao je o svojoj štedljivosti pitajući se kako su neki drugi uspjeli toliko potrošiti. Kada je u ime Vlade zatražio stečaj Jandrankamena, bračkog kamenoloma, politički oponenti su mu prigovorili  da to zahtijeva jer mu je otac na čelu konkurentskog kamenoloma, tvrtke „Kavadur“ koja bi imala koristi ako Jadrankamen nestane. Optužen je za izravni sukob interesa. Odgovorio je da nije bio u prilici „ni u čemu odlučivati“. U slobodno vrijeme, osim košarke igra šah, a opušta se uz glazbu.',NULL,8,'cro'),(16,'Milan','Bandić','1955-11-22','kasnije',NULL,21,'cro'),(17,'Jozo ','Radoš','1956-11-03',NULL,NULL,14,'eu'),(21,'Boris ','Lalovac','1976-11-16',NULL,NULL,8,NULL),(22,'Božidar','Kalmeta','1958-01-15',NULL,NULL,7,NULL),(23,'Branko ','Grčić','1964-04-16',NULL,NULL,8,NULL),(24,'Dragutin','Lesar','1956-03-04',NULL,NULL,9,NULL),(25,'Gordan','Jandroković','1967-08-02',NULL,NULL,7,'cro'),(26,'Gordan','Maras','1974-06-13',NULL,NULL,8,'cro'),(27,'Ivan','Jakovčić','1957-11-15',NULL,NULL,16,'eu'),(28,'Ivan','Šuker','1957-11-12',NULL,NULL,7,'cro'),(29,'Ivan','Vrdoljak','1972-06-22',NULL,NULL,14,NULL),(30,'Ivo','Josipović','1957-08-28',NULL,NULL,8,NULL),(31,'Kolinda','Grabar-Kitarović','1968-04-29',NULL,NULL,21,NULL),(32,'Mihael ','Zmajlović','1978-01-19',NULL,NULL,8,NULL),(33,'Mirando','Mrsić','1959-10-14',NULL,NULL,8,'cro'),(34,'Mirela','Holy','1971-12-15',NULL,NULL,10,NULL),(35,'Orsat','Miljenić','1968-09-15',NULL,NULL,8,'cro'),(36,'Radimir','Čačić','1949-05-11',NULL,NULL,14,'cro'),(37,'Ranko','OstojićRanko','1962-10-03',NULL,NULL,8,NULL),(38,'Siniša','Hajdaš-Dončić','1974-06-29',NULL,NULL,8,NULL),(39,'Siniša','Varga','1965-08-24',NULL,NULL,8,'cro'),(40,'Stjepan','Mesić','1934-12-24',NULL,NULL,21,NULL),(41,'Tihomir','Jakovina','1967-06-21',NULL,NULL,8,NULL),(42,'Vesna','Pusić','1953-04-25',NULL,NULL,14,NULL),(43,'Vojko','Obersnel','1957-03-25',NULL,NULL,8,NULL),(44,'Zoran','Milanović','1966-10-30',NULL,NULL,8,'cro'),(45,'Tomislav','Karamarko','1959-05-25',NULL,NULL,7,NULL),(46,'Ivana ','Maletić','1973-10-12',NULL,NULL,7,'eu'),(47,'Dubravka','Šuica','1957-05-20',NULL,NULL,7,'eu'),(48,'Andrej','Plenković','1970-04-08',NULL,NULL,7,'eu'),(49,'Davor','Stier','1972-01-06',NULL,NULL,7,'eu'),(50,'Tonino','Picula','1961-08-31',NULL,NULL,8,'eu'),(51,'Biljana','Borzan','1971-11-29',NULL,NULL,8,'eu'),(52,'Sandra','Petrović-Jakovina','1985-04-21',NULL,NULL,8,NULL),(53,'Ruža','Tomašić','1958-05-10',NULL,NULL,13,'eu'),(54,'Ingrid','Antičević-Marinović','1957-11-14',NULL,NULL,8,'cro'),(55,'Damir','Kajin','1957-08-28',NULL,NULL,21,NULL),(56,'Milorad','Pupovac','1955-11-05',NULL,NULL,17,'cro'),(57,'Željko','Jovanović','1965-11-26',NULL,NULL,8,'cro'),(58,'Ante','Kotromanović','1968-05-08',NULL,NULL,8,NULL),(59,'Slavko','Linić','1949-09-19',NULL,NULL,21,NULL),(60,'Nenad','Stazić','1957-07-13',NULL,NULL,8,'cro'),(61,'Željko','Reiner','1953-05-28',NULL,NULL,7,'cro'),(62,'Nansi','Tireli','1965-02-26',NULL,NULL,9,'cro'),(63,'Davorin','Mlakar','1958-12-30',NULL,NULL,7,'cro'),(64,'Darko','Milinović','1963-04-25',NULL,NULL,7,NULL),(65,'Marina','Lovrić-Merzel','1963-09-02',NULL,NULL,21,NULL),(66,'Jadranka','Kosor',NULL,NULL,NULL,21,NULL),(67,'Nikica','Gabrić',NULL,NULL,NULL,21,NULL),(68,'Branko','Hrg',NULL,NULL,NULL,12,NULL),(69,'Peđa','Grbin',NULL,NULL,NULL,8,'cro'),(70,'Dinko','Burić',NULL,NULL,NULL,11,NULL),(71,'Krešimir','Bubalo',NULL,NULL,NULL,11,NULL),(72,'Branko','Vukšić',NULL,NULL,NULL,21,NULL),(73,'Vesna','Škare-Ožbolt',NULL,NULL,NULL,21,NULL),(74,'Vedran','Mornar',NULL,NULL,NULL,21,NULL),(75,'Rajko','OstojićRajkoBivsiMinZdravlja',NULL,NULL,NULL,21,NULL),(76,'Željka','Antunović',NULL,NULL,NULL,8,NULL),(77,'Vladimir','Šeks',NULL,NULL,NULL,7,NULL),(78,'Davor','Škrlec',NULL,NULL,NULL,14,'eu'),(79,'Marijana','Petir',NULL,NULL,NULL,7,'eu');
/*!40000 ALTER TABLE `osoba` ENABLE KEYS */;
UNLOCK TABLES;

--
-- Table structure for table `podaci`
--

DROP TABLE IF EXISTS `podaci`;
/*!40101 SET @saved_cs_client     = @@character_set_client */;
/*!40101 SET character_set_client = utf8 */;
CREATE TABLE `podaci` (
  `Id` int(11) NOT NULL AUTO_INCREMENT,
  `Datum` date DEFAULT NULL,
  `osoba_FK` int(11) NOT NULL,
  `radoviPostupciAktivnost` longtext,
  `prijedloziPodrska` longtext,
  `Naslov` longtext,
  `Url` longtext,
  `Optuznice` longtext,
  `radoviPostupciAktivnostEng` longtext,
  `prijedloziPodrskaEng` longtext,
  `OptuzniceEng` longtext,
  `net_tisk` tinyint(1) DEFAULT NULL,
  PRIMARY KEY (`Id`),
  KEY `FK_Podaci_Osoba` (`osoba_FK`),
  CONSTRAINT `FK_Podaci_Osoba` FOREIGN KEY (`osoba_FK`) REFERENCES `osoba` (`Id`) ON DELETE NO ACTION ON UPDATE NO ACTION
) ENGINE=InnoDB AUTO_INCREMENT=220 DEFAULT CHARSET=utf8;
/*!40101 SET character_set_client = @saved_cs_client */;

--
-- Dumping data for table `podaci`
--

LOCK TABLES `podaci` WRITE;
/*!40000 ALTER TABLE `podaci` DISABLE KEYS */;
INSERT INTO `podaci` (`Id`, `Datum`, `osoba_FK`, `radoviPostupciAktivnost`, `prijedloziPodrska`, `Naslov`, `Url`, `Optuznice`, `radoviPostupciAktivnostEng`, `prijedloziPodrskaEng`, `OptuzniceEng`, `net_tisk`) VALUES (21,'2002-01-08',16,'Bespravna gradnja vikendice u Samoborskom gorju.',NULL,NULL,'http://arhiva.nacional.hr/clanak/10108/sdp-ova-kontrola-stete',NULL,NULL,NULL,'',NULL),(22,'2002-01-08',16,'Lažiranje glasova u jutarnjem listu na natjecanju za osobu godine u gradu Zagrebu. Redakcija Jutarnjeg otkrila je da je 500 glasova poslano s iste adrese, a njih su organizirano, ali ne i samoinicijativno, slali članovi gradskog SDP-a.',NULL,NULL,'http://arhiva.nacional.hr/clanak/10108/sdp-ova-kontrola-stete',NULL,NULL,NULL,'',NULL),(23,'2002-01-08',17,'Neorganiziranost i nepostojanje strategije upravljanja u sklopu MORH-a, odluke su subjektivne i najčešće polaze  od određene uprave ili pojedinca. Neuspjeh u provođenju obrambene reforme. Kritika od strane britanskih vojnih stručnjaka o upravljanju MORH-a.',NULL,NULL,'http://arhiva.nacional.hr/clanak/10104/rados-je-kriv-za-udaljavanje-od-nato-a',NULL,NULL,NULL,'',NULL),(24,'2002-02-05',17,'Objavljivanje transkripta razgovora Slobodana Miloševića snimljenih elektronskim prisluškivanjem hrvatskih tajnih službi od 1995. do 2000. godine.',NULL,NULL,'http://arhiva.nacional.hr/clanak/10140/radosev-skandal-s-milosevicevim-transkriptima-zbog-afere-milosevic-rados-mora-dati-ostavku',NULL,NULL,NULL,'',NULL),(25,'2002-02-26',17,' Dopustio objavljivanje popisa približno deset tisuća kandidata za stambene kredite MORH-a i time razotkrio strogo čuvane osobne podatke zaposlenika MORH-a i Glavnog stožera koji rade u vojnim sigurnosnim i obavještajnim službama.',NULL,NULL,'http://arhiva.nacional.hr/clanak/10089/ministar-obrane-jozo-rados-prouzrocio-novi-skandal',NULL,NULL,NULL,'',NULL),(27,'2002-03-19',42,'Pokušaj sakrivanja detalja vezanih za suradnju s Haškim sudom.',NULL,NULL,'http://arhiva.nacional.hr/clanak/10119/petorka-odlucila-sakriti-sadrzaj-koalicijskog-sporazuma',NULL,NULL,NULL,'',NULL),(28,'2002-04-24',7,'Kretanje u reformu službe hitne pomoći (jedan od najvećih projekata Ministarstva zdravstva). Organizacija modela prema kojem bi u svakoj županiji postojao jedan dispečerski centar. Kupljeni novi automobili i aparati te nove softverske lutke.',NULL,NULL,'http://arhiva.nacional.hr/clanak/10215/nuzna-je-velika-reforma-hitne-pomoci',NULL,NULL,NULL,'',NULL),(31,'2002-09-18',27,'Protivljenje SDP-ovom prijedlogu da cijela Hrvatska postane jedna izborna jedinica, bez posebnih lista za manjine i dijasporu.',NULL,NULL,'http://arhiva.nacional.hr/clanak/10362/sdp-trazi-cijela-hrvatska-jedna-izborna-jedinica',NULL,NULL,NULL,'',NULL),(32,'2002-09-18',42,NULL,'Podrška SDP-ovom prijedlogu izbornog zakona o vladajućoj koaliciji (cijela Hrvatska kao jedna izborna jedinica).',NULL,'http://arhiva.nacional.hr/clanak/10362/sdp-trazi-cijela-hrvatska-jedna-izborna-jedinica',NULL,NULL,NULL,'',NULL),(33,'2002-10-02',40,'Zalaže se za izručenje Janka Bobetka Međunarodnom kaznenom sudu.',NULL,NULL,'http://arhiva.nacional.hr/clanak/10374/da-je-desnica-na-vlasti-izrucili-bi-bobetka-u-tjedan-dana',NULL,NULL,NULL,'',NULL),(34,'2002-07-17',17,'Drugi dan sastanka Vilniuske skupine napustio konferenciju i razgledavao litvanske znamenitosti. Svoje prisustvo na konferenciji okarakterizirao je bespotrebnim i beskorisnim. Organizatori skupa bili su zaprepašteni takvom neozbiljnošću, a cijeli je skandal popraćen neugodnim komentarima sudionika i uklanjanjem hrvatskih državnih simbola s radnog stola konferencije.',NULL,NULL,'http://arhiva.nacional.hr/clanak/10302/hrvatska-u-nato-ulazi-tek-2006-sa-srbijom-bih-albanijom-i-ukrajinom',NULL,NULL,NULL,'',NULL),(35,'2002-07-12',16,NULL,'Skupina članova SDP-a predvođena predsjednikom i potpredsjednikom zagrebačke organizacije socijaldemokrata Milanom Bandićem i Zdravkom Tomcem, odlučila je početkom jeseni zatražiti da stranačko vodstvo legalizira postojanje njihove frakcije pod imenom “Hrvatski socijaldemokrati”.',NULL,'http://arhiva.nacional.hr/clanak/10308/tomac-i-bandic-osnivaju-hrvatske-socijaldemokrate',NULL,NULL,NULL,'',NULL),(38,'2002-07-17',36,'Ministarstvo prostornog uređenja i zaštite okoliša zatvorilo gradilište autoceste Zagreb – Goričan, jednog od ključnih projekata Čačićeva ministarstva.',NULL,NULL,'http://arhiva.nacional.hr/clanak/10310/ne-prestanu-li-opstrukcije-zabranit-cu-radove-na-svim-autocestama',NULL,NULL,NULL,'',NULL),(39,'2002-07-24',40,'Otkazivanje pokroviteljstva nad Sinjskom Alkom.',NULL,NULL,'http://arhiva.nacional.hr/clanak/10312/igor-stimac-financirat-ce-alku',NULL,NULL,NULL,'',NULL),(40,'2002-08-21',17,NULL,'Neodgovornim ponašanjem (objavljivanje transkripta tajno snimljenih telefonskih razgovora srbijanskog predsjednika Slobodana Miloševića) zadao nepopravljiv udarac Hrvatskoj i njenoj obavještajnoj zajednici smatra bivši član vodstva SDP-a Ivan Ninić',NULL,'http://arhiva.nacional.hr/clanak/10341/ni-durda-adlesic-ni-rados-ne-mogu-biti-na-celu-odbora',NULL,NULL,NULL,'',NULL),(41,'2003-02-05',59,'Nadzirao privatizaciju Sunčanog Hvara.',NULL,NULL,'http://arhiva.nacional.hr/clanak/10502/racan-ce-smijeniti-pavu-zupan-ruskovic-i-kresimira-starcevica',NULL,NULL,NULL,'',NULL),(43,'2003-03-12',37,'Smijenio vlastite prijatelje Serđana Guština, šefa splitske policije, te načelnike Ranka Britvića i Gorana Alača zbog prijava protiv kriminala i prekoračenja ovlasti.',NULL,NULL,'http://arhiva.nacional.hr/clanak/10534/ostojic-smijenio-svoje-prijatelje-koje-je-sam-postavio',NULL,NULL,NULL,'',NULL),(44,'2002-12-11',7,'Odlučio poništiti legalno proveden i zaključen natječaj za izgradnju Klinike za ženske bolesti i porode KB Split.',NULL,NULL,'http://arhiva.nacional.hr/clanak/15445/vlahusic-ponistio-zakljuceni-natjecaj',NULL,NULL,NULL,'',NULL),(45,'2002-12-18',42,'Lobiranje u Copenhagenu za ulazak u Europsku uniju.',NULL,NULL,'http://arhiva.nacional.hr/clanak/15451/lobiranje-vesne-pusic',NULL,NULL,NULL,'',NULL),(46,'2002-12-24',59,'Prodao Večernji list Styriji za 24 milijuna DEM (Linićevi protivnici smatraju da je taj iznos premalen).',NULL,NULL,'http://arhiva.nacional.hr/clanak/10460/linicev-rijecki-lobi-vlada-hrvatskom',NULL,NULL,NULL,'',NULL),(47,'2002-12-24',59,'Potpisan (Ivica Račan i Slavko Linić) stand-by aranžman koji obvezuje Vladu da u sljedeća tri mjeseca proda 25 dionica Ine te 25 posto dionica Hrvatske poštanske banke. Potonja će preuzeti u vlasništvo Croatia banku i prepoloviti svoj portfelj u oko 1100 tvrtki u državnom vlasništvu.',NULL,NULL,'http://arhiva.nacional.hr/clanak/10463/vlada-je-potpisala-stetan-sporazum-s-mmf-om-samo-zato-da-proda-inu',NULL,NULL,NULL,'',NULL),(48,'2002-11-13',42,'Spremna na suradnju s Haškim sudom. Ne protivi se slanju Hrvatskih generala na Haški sud, sve u cilju skorašnjeg pristupanja Hrvatske Europskoj uniji.',NULL,NULL,'http://arhiva.nacional.hr/clanak/10418/ova-vlada-je-neodrziva-ideoloski-jaz-sdp-a-i-hss-a-je-nepremostiv',NULL,NULL,NULL,'',NULL),(49,'2002-04-02',59,'Jedan je od glavnih aktera u aferi \"Riječka banka\", u kojoj je RH oštećena za 100 milijuna eura.',NULL,NULL,'http://arhiva.nacional.hr/clanak/10197/umjesto-1-kune-hrvatska-ce-nijemcima-morati-platiti-100-milijuna-eura',NULL,NULL,NULL,'',NULL),(51,'2002-11-20',76,'Umirovljenje 41 visokog časnika među kojima je čak 25 brigadira, generala i admirala zbog navodnog destabilizirnja vlasti. ',NULL,NULL,'http://arhiva.nacional.hr/clanak/10422/hv-preuzimaju-bivsi-hdz-ovci',NULL,NULL,NULL,'',NULL),(52,'2003-03-19',40,'Zajednička odluka s Račanom o nepodupiranju američke intervencije u Iraku.',NULL,NULL,'http://arhiva.nacional.hr/clanak/10543/hrvatska-vlada-grubo-odbila-sad',NULL,NULL,NULL,'',NULL),(53,'2003-03-26',45,'Osnovana tvrtka Somoli d.o.o. (obavještajno-zaštitarski poslovi)',NULL,NULL,'http://arhiva.nacional.hr/clanak/15593/karamarko-osnovao-tvrtku-za-obavjestajne-procjene',NULL,NULL,NULL,'',NULL),(54,'2003-04-02',16,'Sazvan sastanak kako bi se riješilo pitanje legalizacije stambenog prostora Josipa Radeljaka (pronalazak zakonskog pokrića za postojeće nezakonitosti)',NULL,NULL,'http://arhiva.nacional.hr/clanak/15616/milan-bandic-spasitelj-josipa-radeljaka',NULL,NULL,NULL,'',NULL),(55,'2003-05-20',16,'Potpisao odluku koja postavlja Vladimira Velnića (osuđen na 18 mj. zatvora) za šefa turističke zajednice.',NULL,NULL,'http://arhiva.nacional.hr/clanak/10588/velnic-je-dvije-godine-robijao-u-lepoglavi-zbog-pronevjere',NULL,NULL,NULL,'',NULL),(56,'2003-06-04',17,'Neprovedena zakonska rješenja i nepotpisivanje ugovora o dopunskom osiguranju s HZZO-om za zaposlenike MORH-a.',NULL,NULL,'http://arhiva.nacional.hr/clanak/15704/zaposlenici-dobili-dopunsko-osiguranje',NULL,NULL,NULL,'',NULL),(57,'2003-08-05',40,NULL,'Uz njegovu prisutnost otvoreno libijsko veleposlanstvo (dobri odnosi sa predsjednikom Gadafijem)',NULL,'http://arhiva.nacional.hr/clanak/10667/hrvatska-ekonomska-elita-u-libijskoj-ambasadi',NULL,NULL,NULL,'',NULL),(58,'2003-10-14',50,'Nedolazak na sastanak američkih izaslanika (Busheva administracija)',NULL,NULL,'http://arhiva.nacional.hr/clanak/10741/sest-grijeha-hrvatske-politike-prema-sad-u',NULL,NULL,NULL,'',NULL),(59,'2003-10-14',76,'Nakon prvog preleta američkog vojnog transportnog aviona, zabranila ponovni ulazak u hrvatski zračni prostor',NULL,NULL,'http://arhiva.nacional.hr/clanak/10741/sest-grijeha-hrvatske-politike-prema-sad-u',NULL,NULL,NULL,'',NULL),(60,'2003-07-02',59,'Doveo u pitanje pravovremeno otvaranje dionice autoceste Gornja ploča-Zadar 2. Na poziciju direktora Hrvatskih cesta doveo partijskog druga Vladimira Bizjaka',NULL,NULL,'http://arhiva.nacional.hr/clanak/10631/sukob-sdp-i-hns-a-ugrozio-uspjesan-zavrsetak-autoceste',NULL,NULL,NULL,'',NULL),(61,'2003-12-03',77,'Uz Bebića i Žužula postaje Sanaderova desna ruka (pružanje potpore u obračunu frakcija nakon izborne katastrofe 2000.)',NULL,NULL,'http://arhiva.nacional.hr/clanak/10798/sanaderov-politbiro-cine-vladimir-seks-luka-bebic-i-miomir-zuzul',NULL,NULL,NULL,'',NULL),(62,'2003-12-09',36,'Zalaže se za koaliranje HDZ-a, SDP-a, HSS-a i HNS-a.',NULL,NULL,'http://arhiva.nacional.hr/clanak/10804/cacic-i-vesna-pusic-u-ratu-zbog-poraza',NULL,NULL,NULL,'',NULL),(63,'2003-07-08',16,'Bandić omogućio vlasniku Croatia bus-a stjecanje enormnog profita dajući mu gradsko zemljište u zamjenu za dvostruko jeftinije zemljište Croatia bus-a.',NULL,NULL,'http://arhiva.nacional.hr/clanak/10642/dogadanje-naroda-u-croatia-busu-novi-udar-bandicevih-ljudi-na-vlastu-pavic',NULL,NULL,NULL,'',NULL),(64,'2003-12-16',22,'Novo lice na nacionalnoj političkoj sceni i kandidat za ministarstvo graditeljstva i javnih radova u Vladi.',NULL,NULL,'http://arhiva.nacional.hr/clanak/10812/nastavit-cu-pos-i-dobre-caciceve-projekte',NULL,NULL,NULL,'',NULL),(65,'2003-07-08',16,'Bandić u alkoholiziranom stanju izazvao prometnu nesreću te pobjegao sa mjesta nesrećem, nakon čega je svoje mjesto gradonačelnika morao ustupiti Vlasti Pavić.',NULL,NULL,'http://arhiva.nacional.hr/clanak/10642/dogadanje-naroda-u-croatia-busu-novi-udar-bandicevih-ljudi-na-vlastu-pavic',NULL,NULL,NULL,'',NULL),(66,'2015-07-15',16,'Interesna grupa unutar gradskog SDP-a koja pripada dominantnoj frakciji Milana Bandića pokušala je pogodovati kontroverznim poduzetnicima Tomislavu Horvatinčiću, Anti Žužulu i Mladenu Vedrišu.',NULL,NULL,'http://arhiva.nacional.hr/clanak/10645/gup-pobjeda-racana-i-vlaste-pavic-nad-bandicevim-ljudima',NULL,NULL,NULL,'',NULL),(67,'2003-12-30',16,'Vozio u pijanom stanju, a kad su ga plicajci zaustavili pokušao ih je podmititi.',NULL,NULL,'http://arhiva.nacional.hr/clanak/10828/sdp-ovci-zele-na-celu-stranke-bandica',NULL,NULL,NULL,'',NULL),(68,'2003-12-30',54,'Kao ministrica pravosuđa radila je više od prosjeka kako bi popravila stanje u hrvatskom sudstvu, no bezuspješno.',NULL,NULL,'http://arhiva.nacional.hr/clanak/10830/nasmijesena-ministrica-vodi-seksovo-pravosude',NULL,NULL,NULL,'',NULL),(69,'2004-01-06',40,'Protivi se potpisivanju dokumenta kojim bi Američki vojnici dobili imunitet od međunarodnog suda za ratne zločine.',NULL,NULL,'http://arhiva.nacional.hr/clanak/10839/sanader-i-mesic-u-sukobu-zbog-amerike',NULL,NULL,NULL,'',NULL),(70,'2004-02-10',56,NULL,'Račan je bježao od suradnje s nama, a Sanader nam je ponudio suradnju. Osim toga, Ivicu Račana poznajem puno dulje i bolje, a Sanadera kraće i slabije. Račan je bio moj partijski drug, a Sanader nije.',NULL,'http://arhiva.nacional.hr/tiskano/arhiva/2004/3',NULL,NULL,NULL,'',NULL),(71,'2004-02-24',47,'Davanje ljetnikovca u dugogodišnju koncesiju',NULL,NULL,'http://arhiva.nacional.hr/clanak/10892/dubrovnik-zapustene-ljetnikovce-daje-na-stogodisnju-koncesiju',NULL,NULL,NULL,'',NULL),(72,'2004-03-09',40,NULL,'Stipe Mesić protivi se slanju Hrvatskih vojnika u Irak, koji bi bili pod američkim zapovjedništvom.',NULL,'http://arhiva.nacional.hr/clanak/10912/racan-ce-se-pridruziti-sanaderu-protiv-mesica',NULL,NULL,NULL,'',NULL),(73,'2004-06-13',73,'Zalaže se za osnivanje suda koji će se baviti ratnim zločinima. ','Protivi se zakonu koji omogućuju kažnjavanje noviranra za klevetu.',NULL,'http://arhiva.nacional.hr/clanak/10925/vlada-rh-osniva-sud-za-ratne-zlocine',NULL,NULL,NULL,'',NULL),(74,'2004-05-04',16,'27.4.2004. u zagrebačkoj Gradskoj skupštini psovao je Vlastu Pavić nakon što se pokrenulo pitanje o slučaju \"Zagrepčanka\" (mediji objavili više članaka u kojima se tvrdi da je Bandić odgovoran što je grad izgubio 15 milijuna eura)',NULL,NULL,'http://arhiva.nacional.hr/clanak/10985/racan-ustuknuo-pred-bandicevim-divljastvom',NULL,NULL,NULL,'',NULL),(75,'2004-05-11',16,'Državno odvjetništvo pismeno upozorilo Vlastu Pavić na brojne sporne okolnosti u Ugovoru o kupoprodaji nekretnina, kojim je Bandić potrošio 30.000.000 maraka kako bi neposrednom pogodbom kupio “Zagrepčankin” industrijski kompleks bivše klaonice i stočne tržnice u Heinzelovoj ulici 68',NULL,NULL,'http://arhiva.nacional.hr/clanak/10993/pobuna-sdp-ovaca-protiv-bandiceva-zastitnika-racana',NULL,NULL,NULL,'',NULL),(76,'2004-06-15',76,'Antunović i Mesić omogućili uspon generalu Mladenu Kruljcu koji je poznat po svom nasilničkom ponašanju. Kruljac također ima kontakte u brodsko-posavskoj policiji koji mu omogućuju da njegovi postupci prolaze nekažnjeno.',NULL,NULL,'http://arhiva.nacional.hr/clanak/11027/mladen-kruljac-nasilnik-pod-zastitom-morh-a',NULL,NULL,NULL,'',NULL),(77,'2004-07-27',36,'Tvrtke čiji je Radimir Čačić suvlasnik između 2000. i 2003. od države dobile poslove vrijedne više od 244.000.000 kuna.',NULL,NULL,'http://arhiva.nacional.hr/clanak/11071/cacic-od-2000-do-2003-dobio-250-mil-kuna-drzavnih-poslova',NULL,NULL,NULL,'',NULL),(78,'2004-07-27',44,'U samo nekoliko mjeseci postao je jedan od najvažnijih članova SDP-a što je rezultiralo njegovim izborom za člana Izvršnog odbora zaduženog za međunarodne odnose, ali i za suradnju s ostalim strankama.',NULL,NULL,'http://arhiva.nacional.hr/clanak/11074/racanov-strateg-za-diplomaciju-i-oporbenu-suradnju',NULL,NULL,NULL,'',NULL),(79,'2004-08-10',7,'Stipe Mesić i njegovi suradnici nisu jedini koji su pomogli u Blaškićevu slučaju, ali su, po svemu sudeći, u njemu imali najznačajniju ulogu.',NULL,NULL,'http://arhiva.nacional.hr/clanak/11089/nobilu-je-ulagivanje-tudmanu-bilo-vaznije-od-obrane-blaskica',NULL,NULL,NULL,'',NULL),(80,'2004-08-17',40,'Hrvatski predsjednik cijelo se ljeto 2004. vozi jahtom \"Jadranka\" u vlasništvu Hrvatske ratne mornarice.',NULL,NULL,'http://arhiva.nacional.hr/clanak/11090/sef-hrm-a-umalo-utopio-mesica',NULL,NULL,NULL,'',NULL),(81,'2004-09-07',40,NULL,'U potpunosti stao u zaštitu Zdravku Kardumu (Hrvatski viceadmiral i bivši zapovjednik Hrvatske ratne mornarice)',NULL,'http://arhiva.nacional.hr/clanak/11110/hrm-nema-nijedan-ispravni-brod',NULL,NULL,NULL,'',NULL),(82,'2004-09-07',66,'Nakon što biva izviždana na Trgu bana Jelačića od strane 50 000 sudionika koji su dočekali rukometaše, odlazi u Ministarstvo te vrijeđa tajnicu',NULL,NULL,'http://arhiva.nacional.hr/clanak/15786/kosor-opet-napala-sluzbenice',NULL,NULL,NULL,'',NULL),(83,'2004-09-12',42,NULL,'Predlaze fitness dvoranu u sklopu sabora',NULL,'http://www.vecernji.hr/hrvatska/vi-biste-fitness-dvoranu-a-ja-samo-novi-bicikl-800855',NULL,NULL,NULL,'',NULL),(84,'2004-11-02',37,NULL,NULL,NULL,'http://arhiva.nacional.hr/clanak/15851/mup-podnio-kaznenu-prijavu-protiv-ranka-ostojica-zbog-nestanka-150000-e','Podnesena kaznena prijava protiv njega zbog sumnje na krađu 150.000 eura iz kase MUP-a.',NULL,NULL,'',NULL),(85,'2004-09-11',66,NULL,'Protivi legalizacije istospolnih brakova, 2013.god. više se ne protivi',NULL,'http://arhiva.nacional.hr/clanak/11190/pet-kandidata-u-jurisu-na-stipu-mesica',NULL,NULL,NULL,'',NULL),(86,'2004-11-09',66,NULL,'Protiv dekriminilizacije lakih i teški droga, \"Nema lakih i teških droga, svaka droga je opasna za mlade ljude. Protiv sam dekriminalizacije.\"',NULL,'http://arhiva.nacional.hr/clanak/11190/pet-kandidata-u-jurisu-na-stipu-mesica',NULL,NULL,NULL,'',NULL),(87,'2004-11-15',28,'Broj 1 na top listi političara nadzornih odbora: Ivan Šuker (HDZ), 19.441 milijardi kuna godišnje FINA predsjednik nadzornog odbora, HŽ d.o.o. član nadzornog odbora, Ina d.d. predsjednik nadzornog odbora, Hrvatski fond za privatizaciju, član nadzornog odbora, Croatia osiguranje d.d.',NULL,NULL,'http://arhiva.nacional.hr/clanak/11197/200-kontrolora-hrvatske-privrede',NULL,NULL,NULL,'',NULL),(88,'2004-11-15',22,'Broj 2 na top listi političara nadzornih odbora: Božidar Kalmeta (HDZ), 18.043 milijardi kuna godišnje Ina d.d., HŽ d.o.o.',NULL,NULL,'http://arhiva.nacional.hr/clanak/11197/200-kontrolora-hrvatske-privrede',NULL,NULL,NULL,'',NULL),(89,'2005-01-25',42,NULL,'Naljutila Ivicu Račan te Ivu Sanadera iniciranjem zahtjeva za osnivanje istražnog povjerenstva koje bi provjerilo kako je Sanader stekao respektabilnu imovinu',NULL,'http://arhiva.nacional.hr/clanak/11276/ivica-racan-mi-nije-razjasnio-dogovor-s-hdz-om',NULL,NULL,NULL,'',NULL),(91,'2005-03-15',40,'Spasio članstvo Hrvatske u NATO-u.',NULL,NULL,'http://arhiva.nacional.hr/clanak/11326/mesic-spasio-clanstvo-u-nato-u',NULL,NULL,NULL,'',NULL),(92,'2005-04-05',36,'21. na ljestvici najbogatijih Hrvata.',NULL,NULL,'http://arhiva.nacional.hr/clanak/11342/najbogatiji-2005',NULL,NULL,NULL,'',NULL),(93,'2005-04-12',37,'Protiv njega je podnesena kaznena prijava zbog sumnjivog trošenja novca u potrazi za generalom Gotovinom.',NULL,NULL,'http://arhiva.nacional.hr/clanak/11345/oscar-vera-pod-istragom-u-bih-zbog-250000-e',NULL,NULL,NULL,'',NULL),(94,'2005-05-10',40,'U razgovoru s ruskim predsjednikom Vladimirom Putinom zatražio helikoptere umjesto aviona.',NULL,NULL,'http://arhiva.nacional.hr/clanak/16094/umjesto-aviona-mesic-trazi-helikoptere',NULL,NULL,NULL,'',NULL),(95,'2005-05-17',16,'15. svibnja pobjeđuje na lokalnim izborima',NULL,NULL,'http://pages.citebite.com/a4h5l2j6y2xoi',NULL,NULL,NULL,'',NULL),(96,'2005-05-31',36,'15. svibnja postaje novi varaždinski župan.',NULL,NULL,'http://arhiva.nacional.hr/clanak/18591/hrvatska-je-hidrocefalus',NULL,NULL,NULL,'',NULL),(97,'2005-06-14',28,'Doveo Hrvatsku do potpune blokade državnih financija zbog ne postojanja novca u državnoj blagajni za podmirenje iznosa od 350 mil. € kredita',NULL,NULL,'http://arhiva.nacional.hr/clanak/18721/spekulanti-spasili-hrvatsku-od-bankrota',NULL,NULL,NULL,'',NULL),(98,'2005-06-27',36,NULL,'Tvrdi da će autocesta Zagreb-Split 2010.god financirati državu, \" Sjećate se i sami zlogukih glasova \'kako će to država otplatiti\', \'jadna Hrvatska\', \'generacije će plaćati\', sjećate se svih onih priča \'to je nemoguće\'. Ne samo da je bilo moguće, već od 2010. ulazimo u plus. To je vidljivo i iz prihoda koje već sad imamo\"',NULL,'http://arhiva.nacional.hr/clanak/18917/autocesta-isplativa-vec-2010',NULL,NULL,NULL,'',NULL),(99,'2005-07-18',40,'27.6.2005. objavljen intervju s njim u uglednom moskovskom magazinu \"Profil\".',NULL,NULL,'http://arhiva.nacional.hr/clanak/19379/mesic-u-ruskom-magazinu',NULL,NULL,NULL,'',NULL),(100,'2005-08-01',31,'Kao tadašnja ministrica vanjskih poslova boravila je u radnom posjetu SAD-u te održala predavanje na temu \"Hrvatska na križanju međunarodnih puteva\". Također, susrela se s nekoliko utjecajnih američkih kongresmena i senatora.',NULL,NULL,'http://arhiva.nacional.hr/clanak/19686/kolinda-grabar-kitarovic-u-americi',NULL,NULL,NULL,'',NULL),(101,'2005-11-14',16,'Na mjesto urednika i glavnog direktora Z1 postavio Branka Vukšića.',NULL,NULL,'http://arhiva.nacional.hr/clanak/21567/bandic-potpuno-preuzeo-z1',NULL,NULL,NULL,'',NULL),(102,'2005-11-21',73,'2005. splitska odvjetnica Doris Košta tereti Škare-Ožbolt za otuđenje 100.000 eura, no Sanader još ne pokreće postupak. ',NULL,NULL,'http://arhiva.nacional.hr/clanak/21681/premijer-zataskava-prijavu',NULL,NULL,NULL,'',NULL),(103,'2005-11-28',16,'Proslavio 50. rođendan u lokalu \"Kod Skendera\".',NULL,NULL,'http://arhiva.nacional.hr/clanak/21835/bandicevo-slavlje-u-skenderici',NULL,NULL,NULL,'',NULL),(104,'2005-12-06',73,NULL,'Postignut dogovor sa Sanaderom o gašenju Demokratskog centra ',NULL,'http://arhiva.nacional.hr/clanak/21907/saveznici-zbunjeni-spajanjem-dc-a-i-hdz-a',NULL,NULL,NULL,'',NULL),(105,'2005-12-12',24,'Daje intervju u kojem se izjašnjava za ukidanje saborskih mirovina.',NULL,NULL,'http://arhiva.nacional.hr/clanak/22019/sanaderu-treba-oduzeti-putovnicu-jer-radi-probleme',NULL,NULL,NULL,'',NULL),(106,'2006-01-09',31,'U povodu božićno-novogodišnjih blagdana, ministrica vanjskih poslova Kolinda Grabar-Kitarović promaknula je čak 120 domaćih diplomata',NULL,NULL,'http://arhiva.nacional.hr/clanak/22500/u-mvp-u-promaknut-pasalicev-covjek',NULL,NULL,NULL,'',NULL),(107,'2006-01-30',22,'Ponovno produžio ugovor o radu u Upravi za prognanike i izbjeglice s ispostavom u Petrinji, iako je doznao da su nedavno protiv Sužnjevića u Odjelu za terorizam i ratne zločine sisačke policije svjedočila dvojica bivših ratnih logoraša Mensud Kantarević i Senad Badić, a prije toga je njihovu priču da ih je Sužnjević maltretirao i ponižavao prikazala Nova TV',NULL,NULL,'http://arhiva.nacional.hr/clanak/22909/kalmeta-poslodavac-strpcevu-suradniku',NULL,NULL,NULL,'',NULL),(108,'2006-03-20',36,'20.ti najbogatiji hrvat, vrijednost: 48 mil.€',NULL,NULL,'http://arhiva.nacional.hr/clanak/23919/50-najbogatijih-hrvata',NULL,NULL,NULL,'',NULL),(109,'2006-04-24',40,'Nedavno dobio poziv od iranske diplomacije za posredovanje u pokušaju rješavanja spora između Irana i SAD-a.',NULL,NULL,'http://arhiva.nacional.hr/clanak/24729/iran-zeli-mesica-za-arbitra-u-sporu-s-sad-om',NULL,NULL,NULL,'',NULL),(110,'2006-07-17',40,'Pokretanje DružbAdria projekta (pitanje naftovoda).',NULL,NULL,'http://arhiva.nacional.hr/clanak/26464/hrvatskim-tvrtkama-zbog-mesicevih-veza-prednost-u-naftom-bogatom-kazahstanu',NULL,NULL,NULL,'',NULL),(111,'2006-07-31',22,'Prošlog tjedna održao sastanak o obnovi Starigrada- Paklenice.',NULL,NULL,'http://arhiva.nacional.hr/clanak/26785/kalmetina-inicijativa-za-starigrad',NULL,NULL,NULL,'',NULL),(112,'2006-08-07',40,'U dva mandata putovao 156 puta.',NULL,NULL,'http://arhiva.nacional.hr/clanak/26888/262-putovanja-mesica-i-sanadera',NULL,NULL,NULL,'',NULL),(113,'2006-08-07',73,'Piše zakon o maslinama.',NULL,NULL,'http://arhiva.nacional.hr/clanak/26910/vesna-skare-ozbolt-pise-zakon-o-maslinama',NULL,NULL,NULL,'',NULL),(114,'2006-09-18',36,'Započinje kampanju za premijera. ',NULL,NULL,'http://arhiva.nacional.hr/clanak/27761/cacic-kombijem-na-turneju-po-hrvatskoj',NULL,NULL,NULL,'',NULL),(115,'2006-10-09',16,'Njegov bratić postaje ambasador u Mađarskoj.',NULL,NULL,'http://arhiva.nacional.hr/clanak/28280/bandicev-bratic-postaje-ambasador-u-madarskoj',NULL,NULL,NULL,'',NULL),(116,'2006-11-27',28,'Građani ga smatraju idejnim tvorcem HDZ-ova zakona kojim Grad Zagreb ostaje bez prihoda iz poreza na dobit.',NULL,NULL,'http://arhiva.nacional.hr/clanak/29415/ivan-suker-sef-drzavnih-financija-na-dobitku-500-gradova',NULL,NULL,NULL,'',NULL),(117,'2006-12-19',31,'Kao ministrica, našla se u središtu pozornosti zbog tadašnjih afera s drogom koje potresaju Ministarstvo vanjskih poslova.',NULL,NULL,'http://arhiva.nacional.hr/clanak/29958/afere-s-drogom-dogodile-su-se-prije-mog-mandata',NULL,NULL,NULL,'',NULL),(118,'2007-01-23',36,'Prema istraživanju agencije Markot.tel vodi u kandidaturi za premijera.',NULL,NULL,'http://arhiva.nacional.hr/clanak/30842/cacic-vodi-u-premijerskoj-utrci-sdp-najjaca-stranka',NULL,NULL,NULL,'',NULL),(119,'2007-01-23',66,'Tadašnja predstojnica Vladina ureda za udruge Jadranka Cigelj djelomično okrivljuje Jadranku Kosor za svoju smjenu.',NULL,NULL,'http://arhiva.nacional.hr/clanak/30836/jadranka-kosor-obmanula-je-premijera-i-javnost',NULL,NULL,NULL,'',NULL),(120,'2007-04-10',16,'Desetak hrvatskih kompanija koje svoja postojenja imaju na području Zagreba u sukobu s Bandićem zbog visokih naknada koje plaćaju.',NULL,NULL,'http://arhiva.nacional.hr/clanak/33256/pobuna-krupne-industrije-protiv-bandica',NULL,NULL,NULL,'',NULL),(121,'2007-04-17',44,'Novo lice na političkoj sceni- u studenome 2007. godine trebao bi s Ljubom Jurčićem biti glavni izazivač tadašnjoj Vladi.',NULL,NULL,'http://arhiva.nacional.hr/clanak/33501/zoran-milanovic-uspon-racanova-nasljednika',NULL,NULL,NULL,'',NULL),(122,'2007-04-24',44,'Oponenti iz SDP-a plasiraju lažne optužbe o njegovoj srpskoj nacionalnosti.',NULL,NULL,'http://arhiva.nacional.hr/clanak/33756/lazne-optuzbe-da-je-milanovic-srbin',NULL,NULL,NULL,'',NULL),(123,'2007-04-24',76,'Nakon Milanovićeve objave kandidature za predsjenika SDP-a (20.4.2007.) lobira za potporu članstva, no još uvijek nema kandidature.',NULL,NULL,'http://arhiva.nacional.hr/clanak/33750/antunovic-arlovic-alijansa-protiv-milanovica',NULL,NULL,NULL,'',NULL),(124,'2007-05-22',44,'Na Forumu mladih SDP-a raspravljao s kolegom kandidatom za šefa SDP-a, Milanom Bandićem.',NULL,NULL,'http://arhiva.nacional.hr/clanak/34638/obracun-bandica-i-milanovica-odlucuje-o-sefu-sdp-a',NULL,NULL,NULL,'',NULL),(125,'2007-05-29',33,'Prošli vikend proveo na SDP-ovom skupu o zdravstvu.',NULL,NULL,'http://arhiva.nacional.hr/clanak/34844/kandidat-za-ministra-na-sdp-ovu-skupu-o-zdravstvu',NULL,NULL,NULL,'',NULL),(126,'2007-05-29',42,'Izjašnjava se pod kojim uvjetima želi formirati koaliciju sa SDP-om te objašnjava gdje se nalazi HNS sa svojim političkim programom.',NULL,NULL,'http://arhiva.nacional.hr/clanak/34839/od-sdp-a-trazim-detaljan-sporazum',NULL,NULL,NULL,'',NULL),(127,'2007-06-05',66,'Članovima obitelji branitelja poginulih u Domovinskom ratu podijelila pakete kave u Lipiku.',NULL,NULL,'http://arhiva.nacional.hr/clanak/35048/kosor-obiteljima-poginulih-dijelila-po-20-dkg-kave',NULL,NULL,NULL,'',NULL),(128,'2007-06-05',44,'2.6.2007. pobijedio na izborima za novog predjednika SDP-a.',NULL,NULL,'http://arhiva.nacional.hr/clanak/35071/milanovic-siri-bazu',NULL,NULL,NULL,'',NULL),(129,NULL,44,'Stranačke kolege protiv njegovog prijedloga prema kojem bi se ukinulo pravo dijaspore na glasanje za Hrvatski sabor.',NULL,NULL,'http://arhiva.nacional.hr/clanak/35255/stranacke-kolege-napale-milanovica-zbog-dijaspore',NULL,NULL,NULL,'',NULL),(130,'2007-06-12',36,'U svojoj kandidaturi za premijera smatra kako je njegova dvogodišnja predizborna kampanja donijela mnogo toga pozitivnog.',NULL,NULL,'http://arhiva.nacional.hr/clanak/35223/moja-kampanja-vec-mijenja-hrvatsku',NULL,NULL,NULL,'',NULL),(131,'2007-06-26',40,'Pokazao svoje dobro znanje ruskog jezika uz večeru s Vladimirom Putinom nakon Energetskog summita u Zagrebu.',NULL,NULL,'http://arhiva.nacional.hr/clanak/35631/3-sata-uz-zlahtinu-i-skoljke',NULL,NULL,NULL,'',NULL),(132,'2007-07-03',16,NULL,'U Hercegovini dobio svoj uglazbljeni ep \"Životni put Milana Bandića\".',NULL,'http://arhiva.nacional.hr/clanak/35826/najveci-glazbeni-hit-je-ep-o-milanu-bandicu',NULL,NULL,NULL,'',NULL),(133,NULL,40,'Ponovno otvorio pitanje uloge austrijskih banaka u pljački hrvatskog novca za obranu',NULL,NULL,'http://arhiva.nacional.hr/clanak/36027/mesic-i-bajic-u-udaru-na-austrijske-banke',NULL,NULL,NULL,'',NULL),(134,'2007-07-16',40,'Na Brijunima susreo se s Haaškom tužiteljicom Carlom Del Ponte.',NULL,NULL,'http://arhiva.nacional.hr/clanak/36209/setnja-uz-istarski-prsut-sir-i-vino',NULL,NULL,NULL,'',NULL),(135,'2007-07-24',50,'Sazvao konferenciju za novinare zajedno s Vesnom Šakre-Ožbolt kako bi demantirao tvrdnje da uopće ne živi u Velikoj Gorici.',NULL,NULL,'http://arhiva.nacional.hr/clanak/36412/neuvjerljivi-tonino-picula',NULL,NULL,NULL,'',NULL),(136,'2007-08-28',40,'Proveo nekoliko dana na Hvaru sa svojim slovenskim prijateljem, poduzetnikom Božom Dimnikom.',NULL,NULL,'http://arhiva.nacional.hr/clanak/37297/mesicev-tajnoviti-slovenski-prijatelj',NULL,NULL,NULL,'',NULL),(137,'2007-09-11',40,'13. rujna 2007. otvorit će obnovljenu kuću Lavoslava Ružićke. ',NULL,NULL,'http://arhiva.nacional.hr/clanak/37752/predsjednik-mesic-otvara-obnovljenu-ruzickinu-kucu',NULL,NULL,NULL,'',NULL),(138,'2007-09-18',44,'Zajedno s Bandićem primio šezdesetak novih članova u SDP.',NULL,NULL,'http://arhiva.nacional.hr/clanak/37985/milanovic-i-bandic-unovacili-60-ljudi-u-sdp',NULL,NULL,NULL,'',NULL),(139,'2007-09-18',44,'Njegovi roditelji govore o vlastitim korijenima i povijest obitelji.',NULL,NULL,'http://arhiva.nacional.hr/clanak/37991/tezacki-i-gospodski-korijeni-zorana-milanovica',NULL,NULL,NULL,'',NULL),(140,'2007-10-02',40,'Posjetio New York i susreo se s važnim svjetskim vođama.',NULL,NULL,'http://arhiva.nacional.hr/clanak/38430/mesicev-dnevnik-iz-new-yorka',NULL,NULL,NULL,'',NULL),(141,'2007-10-16',40,'Predsjednik države uči igrati golf s najboljim hrvatskim golferom.',NULL,NULL,'http://arhiva.nacional.hr/clanak/38885/predsjednik-stjepan-mesic-uci-igrati-golf',NULL,NULL,NULL,'',NULL),(142,'2007-10-23',44,'Posjetio Ovčaru.',NULL,NULL,'http://arhiva.nacional.hr/clanak/39129/milanovic-na-ovcari-bez-novinara',NULL,NULL,NULL,'',NULL),(143,'2007-10-23',44,'Sastavlja izborne liste SDP-a.',NULL,NULL,'http://arhiva.nacional.hr/clanak/39137/milanovic-prisilio-arlovica-na-povlacenje-iz-politike',NULL,NULL,NULL,'',NULL),(144,'2007-10-30',37,'Ne odaziva se na sud u parnici koju je protiv njega podigao Ivo Pukanić',NULL,NULL,'http://arhiva.nacional.hr/clanak/39394/ako-je-ranko-ostojic-glavni-milanovicev-kadar-kakvi-su-tek-ostali',NULL,NULL,NULL,'',NULL),(145,'2007-11-19',16,'Grad Zagreb godišnje daje 39, 6 milijuna kuna nogometnom klubu Dinamo.',NULL,NULL,'http://arhiva.nacional.hr/clanak/40062/iz-bandicevih-fondova-pola-kase-dinama',NULL,NULL,NULL,'',NULL),(146,'2007-11-26',77,'Održat će govor na promociji izdavačke kuće Antuna Vujića.',NULL,NULL,'http://arhiva.nacional.hr/clanak/40323/seksov-govor-na-vujicevoj-promociji',NULL,NULL,NULL,'',NULL),(147,'2007-11-26',44,'Vjerojatno ostaje na čelu SDP-a i nakon izbora.',NULL,NULL,'http://arhiva.nacional.hr/clanak/40327/zoran-milanovic-ostaje-predsjednik-sdp-a',NULL,NULL,NULL,'',NULL),(148,'2007-12-03',53,'Intervju u kojem otkriva zašto želi biti nova predsjednica HSP-a.',NULL,NULL,'http://arhiva.nacional.hr/clanak/40543/ruza-tomasic-ja-sefica-anto-dapic-savjetnik',NULL,NULL,NULL,'',NULL),(149,'2007-12-10',36,'Intervju u kojem komentira utjecaj Zorana Milanovića na izborni rezultat HNS-a i moguću koaliciju s HDZ-om.',NULL,NULL,'http://arhiva.nacional.hr/clanak/40776/hrvatska-nije-sazrela-za-koaliciju-hdz-hns',NULL,NULL,NULL,'',NULL),(150,'2012-01-25',34,'Kao tadašnja ministrica zaštite okoliša najavila reviziju studije utjecaja Plivinog proizvodnog pogona zbog najavljenog njegovog proširenja.',NULL,NULL,'http://www.vecernji.hr/zg-vijesti/prosvjedni-performans-zbog-gradnje-plivine-tvornice-369720',NULL,NULL,NULL,'',NULL),(151,'2008-11-25',34,'Proziva Vladu da se oslanja samo na \"megaprojekte\" time zanemarujući rizike negatvnih utjecaja na zdravlje ljudi i okoliš.',NULL,NULL,'http://www.vecernji.hr/hrvatska/jurcic-sto-prije-osigurati-dovoljno-energije-za-gospodarstvo-i-kucanstva-848960',NULL,NULL,NULL,'',NULL),(152,'2009-06-10',34,'Protivi se \"antigay\" skupu koji organiziraju Hrvatski nacionalisti i Hrvatska čista stranka prava.',NULL,NULL,'http://www.vecernji.hr/hrvatska/lucin-nedopustivo-je-da-mup-dozvoli-antigay-skup-koji-siri-govor-mrznje-877086',NULL,NULL,NULL,'',NULL),(153,'2009-09-30',34,'Protivi se ulasku genetski modificiranih organizama u Hrvasku.',NULL,NULL,'http://www.vecernji.hr/hrvatska/zbog-eu-sabor-ce-omoguciti-ulazak-gmo-a-u-hrvatsku-27564',NULL,NULL,NULL,'',NULL),(154,'2010-03-17',34,'Dobila opomenu za vrijeđanje zbog napada na tadašnju premijerku Jadranku Kosor.',NULL,NULL,'http://www.vecernji.hr/hrvatska/sdp-neka-kosor-promijeni-broj-u-317625-to-je-broj-nezaposlenih-111953',NULL,NULL,NULL,'',NULL),(155,'2010-03-18',34,'Ispričala se za loše postupke zagrebačke Skupštine do kojih je, kako tvrdi, došlo zbog političke poslušnosti i loše informiranosti.',NULL,NULL,'http://www.vecernji.hr/hrvatska/komentar-sdp-glanca-sliku-svoju-sutajuci-milana-bandica-112846',NULL,NULL,NULL,'',NULL),(156,'2010-11-25',34,NULL,'Protivi se \"tihoj privatizaciji voda\".',NULL,'http://www.vecernji.hr/hrvatska/vlada-pretvara-hrvatske-vode-u-trgovacko-drustvo-219966',NULL,NULL,NULL,'',NULL),(158,'2010-11-26',34,'Provozala se oko Trga svetog Marka na električnom biciklu.',NULL,NULL,'http://www.vecernji.hr/hrvatska/zastupnica-cuhnil-pala-ispred-sabora-vozeci-elektricni-bicikl-220478',NULL,NULL,NULL,'',NULL),(159,'2011-02-27',34,NULL,'Zalaže se za izgradnju specijaliziranog centra koji bi transseksualnim osobama pružio medicinsku i psihološku pomoć te smatra da bi hrvatsko zdravstvo trebalo pokrivati troškove operacije promjene spola.',NULL,'http://www.vecernji.hr/zvijezde/mladic-19-iz-osijeka-operacijom-u-beogradu-postat-ce-zena-103300',NULL,NULL,NULL,'',NULL),(160,'2011-12-09',34,'Imenovana Ministricom zaštite okoliša.',NULL,NULL,'http://www.vecernji.hr/hrvatska/milanoviceva-krizaljka-miljenicu-pravosudje-mrsicu-rad-i-mirovine-354708',NULL,NULL,NULL,'',NULL),(161,'2012-01-19',34,'U intervjuu s Forumom otkriva da šalje inspektore u Plivin pogon nakon otkrića antibiotika u Savi',NULL,NULL,'http://www.vecernji.hr/hrvatska/sluzbenici-kakvi-otkazi-birokracija-treba-jos-13000-ljudi-367898',NULL,NULL,NULL,'',NULL),(162,'2012-04-04',34,NULL,'Kao ministrica zaštite okoliša i prirode kaže da će provesti studiju o utjecaju termoelektrane na okoliš koja bi se trebala graditi u Slavonskom Brodu.',NULL,'http://www.vecernji.hr/slavonija/cermak-u-slavonskom-brodu-necemo-graditi-ekolosku-bombu-395094',NULL,NULL,NULL,'',NULL),(163,'2012-04-07',34,'Pridružila se humanitarnoj akciji \"Kupimo omiljeni cvijet Ane Rukavine\".',NULL,NULL,'http://www.vecernji.hr/zg-vijesti/tulipane-i-cokoladna-jaja-dijelile-clanice-sdp-a-i-hns-a-395978',NULL,NULL,NULL,'',NULL),(164,'2012-04-10',34,'Potvrdila je poskupljenje komunalnih usluga zbog uslaska u Europsku uniju.',NULL,NULL,'http://www.vecernji.hr/hrvatska/cacic-potvrdio-poskupljenje-struje-vise-od-135-posto-396540',NULL,NULL,NULL,'',NULL),(165,'2012-05-15',34,'Kao tadašnja ministrica zaštite okoliša najavila imenovanje tada optužene Sanje Kalambure kao šefice Fonda za zaštitu okoliša i energetsku učinkovitost.',NULL,NULL,'http://www.vecernji.hr/hrvatska/pocinje-sudjenje-nesudjenoj-sefici-fonda-za-zastitu-okolisa-410018',NULL,NULL,NULL,'',NULL),(166,'2012-05-25',34,'Sukob s Čačićem zbog gradnje termoelektrane Plomin 3.',NULL,NULL,'http://www.vecernji.hr/hrvatska/ministarstvo-okolisa-srusit-ce-projekt-plomin-3-413584',NULL,NULL,NULL,'',NULL),(167,'2012-05-27',34,'Ograđuje se od odlučivanja o izboru izvođača i tehnologije zbrinjavanja otpada.',NULL,NULL,'http://www.vecernji.hr/sjeverozapadna-hrvatska/t7-vis-podnosi-kaznene-prijave-protiv-habusa-vlasica-radelica-414554',NULL,NULL,NULL,'',NULL),(168,'2012-06-07',34,NULL,'Od građana dobila ocjenu 2, 95 za svoj rad',NULL,'http://www.vecernji.hr/hrvatska/ministar-rajko-ostojic-najbolje-ocijenjen-cacic-najlosije-417376',NULL,NULL,NULL,'',NULL),(169,'2012-06-07',34,'Podnijela ostavku na mjesto ministrice zaštite okoliša i prirode.',NULL,NULL,'http://www.vecernji.hr/hrvatska/mirela-holy-dala-ostavku-presudio-joj-milanovic-417610',NULL,NULL,NULL,'',NULL),(219,'2016-04-23',34,'\"Izašla sam iz ORaH-a prije dva mjeseca zbog svojih osobnih i profesionalnih razloga, međutim, ne želim komunicirati detaljnije o tome jer ne želim raditi štetu ideji ORaH-a koja je prekrasna\"',NULL,'Mirela Holy izašla iz ORaH-a, stranke koju je osnovala','http://www.vecernji.hr/hrvatska/mirela-holy-izasla-iz-orah-a-stranke-koju-je-osnovala-1078777',NULL,NULL,NULL,NULL,0);
/*!40000 ALTER TABLE `podaci` ENABLE KEYS */;
UNLOCK TABLES;

--
-- Table structure for table `rijec`
--

DROP TABLE IF EXISTS `rijec`;
/*!40101 SET @saved_cs_client     = @@character_set_client */;
/*!40101 SET character_set_client = utf8 */;
CREATE TABLE `rijec` (
  `id` int(11) NOT NULL AUTO_INCREMENT,
  `naziv` varchar(45) DEFAULT NULL,
  PRIMARY KEY (`id`)
) ENGINE=MyISAM AUTO_INCREMENT=349 DEFAULT CHARSET=utf8;
/*!40101 SET character_set_client = @saved_cs_client */;

--
-- Dumping data for table `rijec`
--

LOCK TABLES `rijec` WRITE;
/*!40000 ALTER TABLE `rijec` DISABLE KEYS */;
INSERT INTO `rijec` (`id`, `naziv`) VALUES (1,'milijun'),(2,'milijuna'),(3,'milijunom'),(4,'milijuni'),(5,'milijunima'),(6,'milijune'),(7,'pijan'),(8,'pijanoga'),(9,'pijanome'),(10,'pijanomu'),(11,'pijanim'),(12,'pijanih'),(13,'pijanima'),(14,'pijane'),(15,'pijanstvo'),(16,'opijanje'),(17,'bježao'),(18,'bježati'),(19,'bježim'),(20,'bježiš'),(21,'bježi'),(22,'bježimo'),(23,'bježe'),(24,'bježao'),(25,'bježala'),(26,'bježali'),(27,'bježale'),(28,'luksuz'),(348,'licemjer'),(33,'kuna'),(34,'kune'),(35,'kuni'),(36,'kunu'),(37,'kunom'),(38,'kunama'),(39,'kunska'),(40,'opstruiraju'),(41,'opstruiranj'),(46,'opstruent'),(47,'platila'),(48,'platiti'),(49,'platio'),(50,'platili'),(51,'plaćaju'),(52,'plaća'),(53,'euro'),(54,'eura'),(55,'euru'),(56,'eurima'),(57,'eurom'),(58,'eure'),(59,'europski'),(60,'europsko'),(61,'europske'),(62,'lažiranj'),(67,'lažirati'),(68,'nelegalno'),(69,'nelegalnoga'),(70,'nelegalnomu'),(71,'nelegalnima'),(72,'kuća'),(73,'kuće'),(74,'kući'),(75,'kuću'),(76,'kućom'),(77,'kućama'),(78,'okućnica'),(79,'stan'),(80,'stan'),(81,'stana'),(82,'stanu'),(83,'stanom'),(84,'stanova'),(85,'stanovima'),(86,'stanove'),(87,'stanovi'),(88,'profit'),(96,'alkohol'),(97,'pogodovati'),(98,'pogodujem'),(99,'pogoduješ'),(100,'pogoduje'),(101,'pogodujemo'),(102,'pogoduju'),(103,'pogodovano'),(104,'nekret'),(105,'nasilan'),(106,'nasilna'),(107,'nasilno'),(108,'nasilje'),(109,'nasilja'),(110,'nasilju'),(111,'nasiljem'),(112,'prisiliti'),(113,'jaht'),(114,'milijard'),(115,'prijav'),(116,'kazna'),(117,'kazne'),(118,'kaznu'),(119,'kazni'),(120,'kaznene'),(121,'kaznena'),(122,'kaznenoj'),(123,'kaznenu'),(124,'kaznenom'),(125,'kaznenih'),(126,'kaznenim'),(127,'boravi'),(128,'borave'),(129,'ukidanja'),(130,'ukidati'),(131,'ukinem'),(132,'ukineš'),(133,'ukine'),(134,'ukinemo'),(135,'ukinite'),(136,'ukinu'),(137,'ukidanje'),(138,'ukidanja'),(139,'ukidanju'),(140,'ukidanjem'),(141,'ukidanjima'),(142,'ukidajmo'),(143,'ukidajte'),(144,'putuje'),(145,'putovati'),(146,'putujem'),(147,'putuješ'),(148,'putujemo'),(149,'putujete'),(150,'putuju'),(151,'putujte'),(152,'putujmo'),(153,'bratić'),(154,'rodb'),(155,'otac'),(156,'otaca'),(157,'ocima'),(158,'sin'),(159,'sina'),(160,'sinu'),(161,'sinom'),(162,'sinovi'),(163,'sinova'),(164,'sinovima'),(165,'sinove'),(166,'kći'),(167,'kćeri'),(168,'kćer'),(169,'kćeri'),(170,'kćerkom'),(171,'kćerima'),(172,'kćerke'),(173,'dijaspo'),(174,'istrag'),(175,'istrazi'),(176,'kriminal'),(177,'jezik'),(178,'jezic'),(179,'pljačk'),(180,'tajna'),(181,'tajne'),(182,'tajni'),(183,'tajnu'),(184,'tajnom'),(185,'tajnama'),(186,'tajiti'),(187,'povjerljiv'),(188,'gay'),(189,'parada'),(190,'paradom'),(191,'brak'),(192,'štet'),(193,'prisluškiva'),(194,'objavljiva'),(195,'objava'),(196,'objaviti'),(197,'razotkri'),(198,'skandal'),(199,'sigurnost'),(200,'sigurnošću'),(201,'siguran '),(202,'sigurn'),(203,'kriza'),(204,'krize'),(205,'krizi'),(206,'krizu'),(207,'krizama'),(208,'krizno'),(209,'krizna'),(210,'krizni'),(211,'krizne'),(212,'dug'),(213,'duga'),(214,'dugu'),(215,'dugom'),(216,'dugovi'),(217,'dugova'),(218,'dugovima'),(219,'dugove'),(220,'dugovati'),(221,'dugujem'),(222,'duguješ'),(223,'duguje'),(224,'dugujemo'),(225,'dugujete'),(226,'duguju'),(227,'rezovi'),(228,'rezova'),(229,'rezovima'),(230,'rezove'),(231,'rezati'),(232,'režu'),(233,'automobil'),(234,'vozn'),(235,'afera'),(236,'afere'),(237,'aferi'),(238,'aferu'),(239,'aferom'),(240,'aferama'),(241,'zatvor'),(242,'pritvor'),(243,'recesij'),(244,'pustiti'),(245,'pustila'),(246,'pustio'),(247,'pustilo'),(248,'pustile'),(249,'pustili'),(250,'pustim'),(251,'puste'),(252,'kritika'),(253,'kritike'),(254,'kritici'),(255,'kritiku'),(256,'kritikom'),(257,'kritike'),(258,'kritikama'),(259,'kritizirati'),(260,'reagiranje'),(261,'reagiranja'),(262,'reagiranju'),(263,'reagiranjem'),(264,'reagiranjima'),(265,'reagirati'),(266,'reagiram'),(267,'reagiraš'),(268,'reagira'),(269,'reagiraju'),(270,'optužn'),(271,'optužb'),(272,'protiv'),(273,'zabran'),(274,'izbjeglic'),(275,'izbjeći'),(276,'migrant'),(277,'migranata'),(278,'šokira'),(279,'razočara'),(280,'vičući'),(281,'vikati'),(282,'viče'),(283,'viču'),(284,'uzruja'),(285,'dokument'),(286,'pomog'),(287,'pomoći'),(288,'novac'),(289,'novcu'),(290,'novcem'),(291,'novci'),(292,'novaca'),(293,'novcima'),(294,'novce'),(295,'korupc'),(296,'korumpirati'),(297,'izolira'),(298,'proračun'),(299,'deficit'),(300,'stamben'),(301,'ušted'),(302,'prihod'),(303,'rashod'),(304,'poplav'),(305,'fond'),(306,'primopred'),(307,'trošenj'),(308,'ostavk'),(309,'ostavci'),(310,'financir'),(311,'projekt'),(312,'komunist'),(313,'nacist'),(314,'ustaš'),(315,'partizan'),(316,'partija'),(317,'prodaj'),(318,'prodao'),(319,'kupiti'),(320,'kupovina'),(321,'kupuje'),(322,'kupovine'),(323,'kupovini'),(324,'kupovinom'),(325,'kupovinama'),(326,'fašist'),(327,'vikala'),(328,'vikao'),(329,'vikalo'),(330,'vikale'),(331,'vikali'),(332,'europsk'),(333,'tuđman'),(334,'račun'),(335,'sakri'),(336,'zločin'),(337,'koncesij'),(338,'psovk'),(339,'mrž'),(340,'ksenofo'),(341,'$'),(342,'eura'),(343,'euri'),(344,'eure'),(345,'euro'),(346,'€'),(347,'dolar');
/*!40000 ALTER TABLE `rijec` ENABLE KEYS */;
UNLOCK TABLES;

--
-- Table structure for table `stranka`
--

DROP TABLE IF EXISTS `stranka`;
/*!40101 SET @saved_cs_client     = @@character_set_client */;
/*!40101 SET character_set_client = utf8 */;
CREATE TABLE `stranka` (
  `Id` int(11) NOT NULL AUTO_INCREMENT,
  `Ime` varchar(50) NOT NULL,
  PRIMARY KEY (`Id`)
) ENGINE=InnoDB AUTO_INCREMENT=22 DEFAULT CHARSET=utf8;
/*!40101 SET character_set_client = @saved_cs_client */;

--
-- Dumping data for table `stranka`
--

LOCK TABLES `stranka` WRITE;
/*!40000 ALTER TABLE `stranka` DISABLE KEYS */;
INSERT INTO `stranka` (`Id`, `Ime`) VALUES (7,'HDZ'),(8,'SDP'),(9,'Laburisti'),(10,'ORaH'),(11,'HDSSB'),(12,'HSS'),(13,'HSP AS'),(14,'HNS'),(15,'HSU'),(16,'IDS-DDI'),(17,'SDSS'),(18,'Živi zid'),(19,'MOST'),(20,'HSP'),(21,'Nezavisni');
/*!40000 ALTER TABLE `stranka` ENABLE KEYS */;
UNLOCK TABLES;

--
-- Table structure for table `sysdiagrams`
--

DROP TABLE IF EXISTS `sysdiagrams`;
/*!40101 SET @saved_cs_client     = @@character_set_client */;
/*!40101 SET character_set_client = utf8 */;
CREATE TABLE `sysdiagrams` (
  `name` varchar(160) NOT NULL,
  `principal_id` int(11) NOT NULL,
  `diagram_id` int(11) NOT NULL AUTO_INCREMENT,
  `version` int(11) DEFAULT NULL,
  `definition` longblob,
  PRIMARY KEY (`diagram_id`),
  UNIQUE KEY `UK_principal_name` (`principal_id`,`name`)
) ENGINE=InnoDB DEFAULT CHARSET=utf8;
/*!40101 SET character_set_client = @saved_cs_client */;

--
-- Dumping data for table `sysdiagrams`
--

LOCK TABLES `sysdiagrams` WRITE;
/*!40000 ALTER TABLE `sysdiagrams` DISABLE KEYS */;
/*!40000 ALTER TABLE `sysdiagrams` ENABLE KEYS */;
UNLOCK TABLES;

--
-- Dumping events for database 'nestoiopetnesto'
--

--
-- Dumping routines for database 'nestoiopetnesto'
--
/*!40103 SET TIME_ZONE=@OLD_TIME_ZONE */;

/*!40101 SET SQL_MODE=@OLD_SQL_MODE */;
/*!40014 SET FOREIGN_KEY_CHECKS=@OLD_FOREIGN_KEY_CHECKS */;
/*!40014 SET UNIQUE_CHECKS=@OLD_UNIQUE_CHECKS */;
/*!40101 SET CHARACTER_SET_CLIENT=@OLD_CHARACTER_SET_CLIENT */;
/*!40101 SET CHARACTER_SET_RESULTS=@OLD_CHARACTER_SET_RESULTS */;
/*!40101 SET COLLATION_CONNECTION=@OLD_COLLATION_CONNECTION */;
/*!40111 SET SQL_NOTES=@OLD_SQL_NOTES */;

-- Dump completed on 2018-05-04 12:17:31
